{"cameraMode":{"drawMode":0,"name":"Shaded","section":"Shading Mode"},"sceneLighting":true,"audioPlay":false,"sceneViewState":{"m_AlwaysRefresh":false,"showFog":true,"showSkybox":true,"showFlares":true,"showImageEffects":true,"showParticleSystems":true,"showVisualEffectGraphs":true,"m_FxEnabled":true},"in2DMode":false,"pivot":{"x":-3.4109878540039064,"y":0.7740640640258789,"z":0.17651844024658204},"rotation":{"x":-0.019930921494960786,"y":-0.9655861854553223,"z":0.24738743901252747,"w":-0.07779441028833389},"size":3.561572313308716,"orthographic":false}