{"cameraMode":{"drawMode":0,"name":"Shaded","section":"Shading Mode"},"sceneLighting":true,"audioPlay":false,"sceneViewState":{"m_AlwaysRefresh":false,"showFog":true,"showSkybox":true,"showFlares":true,"showImageEffects":true,"showParticleSystems":true,"showVisualEffectGraphs":true,"m_FxEnabled":true},"in2DMode":false,"pivot":{"x":-0.8430819511413574,"y":0.18197226524353028,"z":-1.871877670288086},"rotation":{"x":0.049025967717170718,"y":-0.915552020072937,"z":0.11765751987695694,"w":0.3814783990383148},"size":3.7542824745178224,"orthographic":false}